Drug,total_value,avg_demand,avg_restock_freq,is_understocked,cumulative_pct,abc_class
Insulin,157712763,5498.139402390439,22.707250996015937,1,25.15292763114519,A
Metformin,157495212,5495.627270554493,22.6453154875717,1,50.27115899259733,A
Lisinopril,155940312,5484.885559131134,22.658407079646018,1,75.14140606647683,B
Atorvastatin,155867245,5478.723010907925,22.764196342637153,1,100.0,C
